token,count
no,807
s…õ,712
a,702
na,627
ne,404
ho,291
mu,274
so,236
y…õn,212
yehowa,198
w…în,196
w…î,191
bi,130
as…õm,127
nea,125
nkyeky…õmu,113
ma,111
me,107
wo,104
ti,102
de,98
nso,94
saa,93
y…õ,82
yi,80
onyankop…în,79
nkyeky…õm,71
h…î,70
nti,69
nanso,68
yesu,68
ber…õ,66
ama,61
anaa,61
…õs…õ,60
baako,60
d…õn,59
mmienu,58
nyinaa,58
adwuma,54
bible,53
ase,52
aduonu,52
as…õmmisa,48
biara,47
…õy…õ,47
s…õnea,46
mmi…õnsa,44
ay…õ,41
enti,40
ka,40
paa,40
da,40
nne…õma,39
kyer…õ,37
pii,36
du,36
kan,33
afei,32
mma,32
p…õ,31
nsia,30
ns…õm,30
kwan,30
akyi,30
ara,30
…õt…î,29
nnipa,29
obi,29
mo,29
de…õ,28
tumi,28
yie,28
di,28
asafo,27
…õb…õy…õ,27
w…îde,27
b…î,27
…õny…õ,27
nni,27
b…õn,26
…õw…î,26
firi,26
bisa,26
b…îne,25
den,25
nw…îtwe,25
ani,25
pa,25
…îd…î,25
s…õn,25
hw…õ,24
nwoma,24
aba,24
y…õy…õ,24
ba,24
adi,24
nokware,23
…îka,23
mpo,23
…õno,23
nson,23
ad…õn,23
nyankop…în,22
afoforo,22
asase,22
som,22
mmom,21
…îde,21
afe,21
koma,21
nuanom,21
k…î,20
…îy…õ,20
gye,20
si,20
…õdi,20
y…õde,20
b…õy…õ,20
biribi,20
b…õtumi,19
fa,19
y…õb…õy…õ,19
nkur…îfo…î,18
kenkan,18
dunsia,18
ade…õ,17
adwene,17
aboa,17
ade,17
daa,16
wei,16
din,16
nnum,16
y…õb…õtumi,16
hia,16
wiase,16
satan,15
nan,15
…îkwan,15
d…î,15
nnan,15
bere,15
kae,15
ebia,15
k…îsi,15
y…õ…õ,15
asu,15
y…õnhw…õ,14
honhom,14
nka,14
w…îw…î,14
yehu,14
nkron,14
…õns…õ,14
w…îy…õ,14
…õb…õtumi,14
yiye,14
hu,14
y…õhu,14
wob…õtumi,14
…õb…õma,14
petro,14
dunkron,14
adesua,14
…õho,14
…õkyer…õ,14
…õma,14
aduasa,14
fofor…î,13
gyidie,13
foforo,13
…îp…õ,13
onua,13
kosi,13
ansa,13
anuanom,13
nkyekyem,13
bra,13
maa,13
hy…õ,13
anim,13
ni,12
nky…õn,12
efis…õ,12
ebi,12
ano,12
edi,12
kristo,12
kyer…õ…õ,12
te,12
wer…õ,12
nsa,12
biribiara,12
dubaako,12
mmoa,12
momma,12
mateo,12
kaa,12
y…õka,12
y…õne,12
nkur…îfo,11
akyer…õ,11
y…õw…î,11
afiri,11
kristofo…î,11
bebree,11
yohane,11
apem,11
paul,11
…îno,11
aboter…õ,11
bio,11
kakra,11
nhoma,11
abusua,11
aka,11
ak…î,10
num,10
baabi,10
s…õne…õ,10
dunan,10
y…õma,10
nipa,10
nkwa,10
…îhaw,10
emu,10
fie,10
obiara,10
nnwuma,10
mfe…õ,10
to,10
mmaa,10
koraa,10
yebetumi,10
anya,10
…õhia,10
aware,10
dwom,10
nn…õ,9
hiob,9
y…õnya,9
nyansa,9
agya,9
die,9
s,9
anigye,9
k…õse…õ,9
…õnn…õ,9
baa,9
suban,9
kronkron,9
…õte,9
…îw…î,9
mm…îden,9
soro,9
ahy…õ,9
esiane,9
papa,9
mpae,9
gyina,9
paulo,9
b…õba,9
asomdwoe,9
…îbaa,9
yam,9
tena,9
…îkae,9
mmara,9
as…õnka,9
y…õp…õ,9
nhw…õso…î,8
boa,8
abraham,8
…îne,8
…îb…õy…õ,8
k…õse,8
ahorow,8
nt…õm,8
ahankron,8
daakye,8
agye,8
hyia,8
nkuran,8
afofor…î,8
ahodo…î,8
adansefo…î,8
bo,8
wode,8
…îte,8
…õba,8
…îb…õma,8
onipa,8
dunw…îtwe,8
anka,8
tu,8
mmarima,8
dii,8
biom,7
nnuanom,7
b…õboa,7
as…õmpa,7
dunson,7
w…îny…õ,7
woy…õ,7
ban,7
b…î…î,7
tom,7
boaa,7
dumienu,7
dunum,7
k…õnkan,7
asomafo…î,7
romafo…î,7
mfonini,7
mmiensa,7
nnamfo,7
awofo,7
…õwom,7
…õb…õboa,7
…îbarima,7
ase…õ,7
mfoni,7
b…õka,7
…õboa,7
y…õsua,7
asi,7
dummienu,7
de…õn,7
mfatoho,7
y…õntumi,7
mede,7
…îda,7
b…õma,7
yen,7
asom,7
mmer…õ,7
…îkaa,7
aduanan,6
aduane,6
hy…õ…õ,6
s…î,6
gyidi,6
w…îte,6
enni,6
…õne,6
…õmaa,6
nko,6
sika,6
aduonum,6
…îsom,6
nkyer…õkyer…õ,6
wob…õy…õ,6
ha,6
se,6
nya,6
mpem,6
odi,6
bae,6
kasa,6
ny…õ,6
nyaa,6
otumi,6
as…õmbisa,6
gyinae,6
p…õp…õ…õp…õ,6
w…îka,6
ab…î,6
hunu,6
nny…õ,6
y…õb…õhw…õ,6
nk…îmhy…õ,6
ahenni,6
kristofo,6
…õka,6
nhyiamu,6
aky…õ,6
nnye,6
efi,6
…îha,6
korintofo…î,6
yere,6
akwankyer…õ,6
…îny…õ,6
anaas…õ,6
afutuo,6
nadwene,6
y…õb…õsua,6
b…îhy…õ,6
adasamma,5
fam,5
adamfo,5
fr…õ,5
rey…õ,5
asomafo,5
israelfo…î,5
afi,5
honam,5
ankasa,5
ahennie,5
…õfiri,5
agyina,5
y…õsusu,5
hokwan,5
w…îfr…õ,5
nam,5
nhyehy…õe…õ,5
…îb…õtumi,5
…îhw…õ,5
maame,5
nua,5
metumi,5
asem,5
…îkyer…õkyer…õ,5
y…õgye,5
wani,5
anis…î,5
bu,5
luka,5
agyede…õ,5
krataa,5
y…õhy…õ,5
binom,5
kristoni,5
akyiri,5
nokwafo…î,5
…îsomafo,5
nokwas…õm,5
nna,5
any…õ,5
ada,5
hwehw…õ,5
su,5
nani,5
reka,5
…õda,5
…õfa,5
…îb…î…î,5
fi,5
k√£,5
kuro,5
ntam,5
asan,5
david,5
nim,5
nhyiam,5
k…î…î,5
ohuu,5
fii,4
nie,4
anky…õ,4
nhyira,4
woak…î,4
ate,4
way…õ,4
wom,4
nkoaa,4
y…õda,4
…îk…î,4
wosua,4
nhwehw…õmu,4
wohw…õ,4
asaase,4
solomon,4
y…õe,4
y…õmu,4
…õnde,4
kase,4
tua,4
asa,4
w…îhyia,4
titiriw,4
yakobo,4
soronko,4
y…õanya,4
mose,4
mp…õn,4
awurade,4
nno…îma,4
asuafo,4
asua,4
…îhene,4
…îb…î,4
aman,4
timoteo,4
tia,4
…îy…õ…õ,4
…õden,4
…õto,4
video,4
mpanyimfo…î,4
faa,4
tete,4
dawid,4
dodo,4
edu,4
ebinom,4
asie,4
w…îdi,4
ab…õy…õ,4
…õna,4
med…î,4
…õde,4
ehia,4
suaa,4
y…õhw…õ,4
won,4
onuawa,4
owuo,4
seesei,4
bae…õ,4
kwa,4
nokor…õ,4
kyi,4
mfa,4
enuanom,4
akwaa,4
nom,4
ko,4
yesaia,4
nhyehy…õe,4
mfe,4
w…îay…õ,4
ohu,4
yerusalem,4
…õfata,4
…õsono,4
nnwom,4
w…îasra,4
wonnim,4
kyer…õkyer…õ,4
…õboaa,4
ahotoso,4
w…îhw…õ,4
y…õtumi,4
mmebus…õm,4
dunnw…îtwe,4
ab…îfo…î,4
twe,4
mpae…õ,4
fo,4
y…õkae,4
y…õhunu,4
kunu,4
…îmaa,4
dodo…î,4
w…îb…î,4
nnya,4
y…õb…õto,4
atom,4
bethel,4
afiase,4
aware…õ,4
w…îy…õ…õ,4
o,4
kakyere,3
san,3
gyinaa,3
nidi,3
y…õb…õka,3
w…îato,3
anum,3
…îkyer…õ,3
kuo,3
dunnum,3
dunnan,3
y…õbr…õ,3
…õsii,3
efiri,3
hway…õ,3
p…îtee,3
b…õyi,3
mfomso…î,3
mpa,3
y…õnyinaa,3
bre,3
s…îhw…õ,3
f…õ,3
nkakra,3
tesalonikafo,3
ampa,3
wop…õ,3
moy…õ,3
w…îatumi,3
sene,3
b…õky…õ,3
wab…î,3
n'as…õm,3
sukuu,3
mmra,3
awiee…õ,3
kyer…õkyer…õ…õ,3
nkr…îfo,3
ofi,3
…îbr…õ,3
…înim,3
edikan,3
daso,3
w…îahunu,3
mfaso…î,3
b…õb…î,3
nadwen,3
adwen,3
israel,3
br…õ,3
dwuma,3
y…õb…î,3
twer…õs…õm,3
ahonyade,3
sa,3
nt…î,3
nhu,3
nkor…îfo,3
ak…îy…õ,3
wie,3
mfi,3
mfaso,3
…õd…õn,3
adom,3
abr…õ,3
wob…õboa,3
sen,3
manya,3
…õb…õba,3
wob…õnya,3
anadwo,3
y…õb…õk…î,3
meka,3
eno,3
…îmanfo…î,3
…õmfa,3
trenee,3
suro,3
wonya,3
wob…î,3
ahwehw…õ,3
asuasua,3
nkunim,3
romafo,3
anokwafo,3
nsakrae…õ,3
mpaeb…î,3
w…îhia,3
hw…õ…õ,3
ye,3
suani,3
atua,3
mfiri,3
pintinn,3
…îhu,3
b…õk…î,3
b…õsom,3
y…õb…õyi,3
haw,3
aban,3
mpaninfo…î,3
yenya,3
ky…õ,3
mpempem,3
…îsomafo…î,3
ay…õmy…õ,3
nakyi,3
ab…îfo,3
w…îmfa,3
y…õk…î,3
filipo,3
nnyinasos…õm,3
nkaedi,3
af…îre…õ,3
he,3
yudafo…î,3
galilea,3
…õk…î,3
reba,3
…îmfa,3
b…õboro,3
mmu,3
…îhy…õ,3
monne,3
s…õm,3
basaa,3
po,3
too,3
kye,3
nhw…õso,3
wuhu,3
atamfo,3
adesuas…õm,3
october,3
wow…î,3
d…õ,3
y…õsuasua,3
odiyifo…î,3
eyi,3
tie,3
nkor…îfo…î,3
…îtaa,3
w…îne,3
…õn…õ,3
owu,3
y…õahu,3
…îma,3
asetena,3
onim,3
fom,3
wonhu,3
y…õny…õ,3
bisaa,3
akokoduru,3
ababaawa,3
nk…îmm…î,3
yebesua,3
k…õk…õ,2
mate,2
…îtumi,2
t…õ,2
enuonyam,2
aho…îden,2
…îman,2
y…õm,2
ank…î,2
nne,2
…îkasa,2
nkyekymu,2
fata,2
as…õ,2
nkyer…õ,2
y…õni,2
ns…î,2
y…õt…î,2
adansie,2
mufo…î,2
dumi…õnsa,2
kinka,2
asafomm…îpanyinfo…î,2
tumfo…î,2
ehu,2
dansefo,2
jephthah,2
abrante…õ,2
mmo,2
b…õso,2
tony,2
yesua,2
firii,2
ber,2
atwetwe,2
b…õtena,2
tirimp…î,2
suesua,2
k…îk…î…î,2
abufuo,2
w…îgyaa,2
mek…î…î,2
ap…õ,2
esua,2
…õtwa,2
hwan,2
w…îp…õ,2
nokwafo,2
w…îtaa,2
…îfaa,2
internet,2
…õsiane,2
paradise,2
ntumi,2
akyekye,2
w…înny…õ,2
y…õre,2
suae,2
dawidi,2
y…õb…õsan,2
spain,2
yosef,2
jw,2
org,2
adansefo,2
dot,2
gideon,2
sodom,2
gomora,2
…õtwam,2
akatua,2
ay…înkofa,2
wosusuw,2
sii…õ,2
awie,2
ahumm…îb…î,2
yeremia,2
wob…õb…î,2
asomfo,2
…õhy…õ,2
poetzinger,2
…îmmoa,2
awer…õhy…õmu,2
abisa,2
woab…î,2
tirim,2
afa,2
korintofo,2
hintidua,2
b…õwu,2
nywie,2
nadwuma,2
meriba,2
y…õkenkan,2
…õha,2
ohunu,2
as…îmfo…î,2
mm…îbor…î,2
awer…õhyem,2
mebus…õm,2
fedi,2
joel,2
metwer…õ,2
…õw…îm,2
yaw,2
…õnky…õ,2
kyer…õws…õm,2
as…õde…õ,2
n'ani,2
nhunu,2
y…õdi,2
y…õd…î,2
betumi,2
afeha,2
baabiara,2
gyigye,2
…îyere,2
wadi,2
…õb…î,2
mep…õ,2
saul,2
w…îd…î,2
nnamfo…î,2
y…õreka,2
y…õankasa,2
nkyer…õkyer…õmu,2
…îyare,2
w…îtan,2
henok,2
reb…î,2
dn,2
wama,2
…îk…î…î,2
amansin,2
…õdidiso…î,2
akoa,2
wobetumi,2
w…îaware,2
asomfo…î,2
adiesua,2
onya,2
t…î,2
b…õbi,2
yebehu,2
ak…îsi,2
tiri,2
y…õnhy…õ,2
gu,2
y…õte,2
yehyia,2
b…õgye,2
owus…îre,2
apam,2
yiw,2
p…î,2
dada,2
minya,2
amantam,2
yedi,2
anamm…în,2
mmer…îy…õ,2
m…õy…õ,2
as…õe,2
aduonan,2
wui,2
w…îatwer…õ,2
…õb…õn,2
gyinae…õ,2
…îb…õware,2
…îb…õdi,2
…îfa,2
…î,2
akokoduro,2
…õhu,2
nsi,2
y…õb…õhy…õ,2
w…îk…î,2
ak…îfa,2
ya,2
…îb…õka,2
adam,2
b…îfo,2
genesis,2
aky…õde…õ,2
w…îto,2
mmofra,2
hwamm…î,2
hyiaa,2
wu,2
wim,2
busua,2
dumiensa,2
asusu,2
wobu,2
nokwadie,2
…îtwer…õ,2
nsem,2
ahumm…îbor…î,2
…îgye,2
w…îky…õn,2
filipifo,2
y…õbu,2
mennya,2
w…îb…õk…î,2
nsom,2
animuonyam,2
b…õfiri,2
sua,2
mehunu,2
nkr…în,2
w…îb…õhw…õ,2
…õkora,2
aduow…îtwe,2
hyehy…õ…õ,2
b…õ…õbi,2
w…îdii,2
nsuo,2
minim,2
valery,2
hwamm…îedi,2
mmae,2
p…îso,2
kankan,2
makwan,2
…õde…õn,2
nkyer…õwee,2
te…õ,2
n'anim,2
nk…îsi,2
dabi,2
nokore,2
hwee,2
horow,2
y…õb…õhyia,2
awo…î,2
…õmma,2
awarefo…î,2
y…õany…õ,2
…õb…õkyer…õ,2
koro,2
y…õdwene,2
ahot…îs…î,2
y…õato,2
awo…îtoatoaso…î,2
y…õb…õfa,2
atu,2
anam…în,2
abotare,2
anigye…õ,2
…õmfata,2
abosom,2
…õne…õ,2
…õnne…õ,2
beresos…õm,2
onia,2
aduonsia,2
ntease…õ,2
y…õsan,2
y…õb…õhu,2
w…întumi,2
botae,2
ahannw…îtwe,2
…îhy…õ…õ,2
akwaaba,2
ntoma,2
fitaa,2
kwankyer…õ,2
twatwa,2
y…õnim,2
man,2
ato,2
n'adaemone,2
…îb…õnya,2
adesuase…õm,2
w…îsom,2
…îdan,2
aso,2
suasua,2
ahohoy…õ,2
yii,2
k…îmaa,2
abrab…î,2
anidaso…î,2
…îdii,2
ar…õho,2
twam,2
awufo,2
mfimfini,2
kama,2
y…õfa,2
…õbaa,2
amanehunu,2
nyinasos…õm,2
of,2
one,2
hundred,2
and,2
anibere,2
daniel,2
vanessa,2
dwumadie,2
y…õnnante,2
f…õf…õ…õf…õ,2
madwene,2
sii,2
sint…î,2
ahotoso…î,2
hebrifo,2
mfataho,2
w…îdwene,2
ansom,2
nyini,2
kurom,2
as…õmpaka,2
yakob,2
w…îkenkan,2
dabiara,2
b…õ,2
nk…î,2
gilead,2
atumfo…î,2
nkom,2
mehu,2
aduokron,2
…îpanin,2
asonfo…î,2
ak…înn…î,2
nimde…õ,2
nnua,2
maria,2
wamfa,2
abu,2
y…õmp…õ,2
w…îmma,2
susu,2
johannes,2
as…õdie,2
paradeise,2
enam,2
hunuu,2
aduro,2
anuonyam,2
…îmma,2
…înya,2
w…îyi,2
…îk√£,2
kolosefo…î,2
persia,2
b…õsi,2
tottoo,2
bobe,2
kora,2
w…îb…õtumi,2
tebea,2
dwene,2
y…õkyer…õ,2
tiaa,2
tyw,2
yare,2
osuani,2
wokann,2
twa,2
yare…õ,2
nyamesom,2
yehoas,2
ebetumi,2
b…õto,2
nwotwe,2
abam,2
rekyer…õ,2
babarima,2
g,2
…õdaadi,2
y…õfr…õ,2
wob…õbisa,2
akwan,2
at…õntrenee,2
yennim,2
asetenam,2
wui…õ,2
may,2
toa,2
rehw…õ,2
mfie,2
…înam,2
didii,2
y…õb…õnya,2
beebi,2
atini,2
akasamu,2
mawofo,2
adie,2
y…õkyer…õkyer…õ,2
hyehye,2
emufo…î,2
nn…î…îso,2
adesuade…õ,2
asm,2
…õtumi,2
w…îfiri,2
awo,2
mokenkan,2
mmirikatufu…î,2
…îbonsam,1
adaadaa,1
abesi,1
agyede,1
w…îatease…õ,1
ntease,1
anigyes…õm,1
federico,1
w…îahye,1
w…îahy…õ,1
nkuranhye,1
aseda,1
pere,1
amany…îs…õm,1
sesae,1
y…õtuko,1
millions,1
now,1
living,1
will,1
never,1
opempem,1
adiyism,1
duminynsa,1
yde,1
mewu,1
amamra,1
galatiafo…î,1
ah…îho…î,1
…õs…õe,1
break,1
adis…õm,1
…õnhy…õ,1
y…õdwendwen,1
…õhyia,1
…îb…õb…î,1
b…õyie,1
hyia…õ,1
babaa,1
n'abrab…î,1
basa,1
wapagya,1
fafiri,1
jose,1
suahunu,1
y…õnuanom,1
hunsuro,1
y,1
nkoa,1
snkyerne,1
w…îgyee,1
nkoasom,1
obimpofo…î,1
adwenemu,1
wompere,1
gyinaesi,1
wob…õsi,1
korakora,1
apapafo…î,1
wodi,1
wababa,1
hwere…õ,1
nnommrifo…î,1
somaa,1
ad…õnti,1
as…õnhwas…õm,1
…õbom,1
enkanka,1
tententen,1
…õgyina,1
ngodua,1
nkorabata,1
…õhwue,1
ngo,1
d…îben,1
b…õkyer…õ,1
blue,1
ayaresabea,1
wie…õ,1
adamfofa,1
efeso,1
pefee,1
akyidini,1
…õntoboa,1
y…õnsusu,1
paara,1
w…îresua,1
somfo…î,1
y…õatwer…õfo…î,1
mmrantie,1
f…îm,1
as…îhw…õ,1
w…îasan,1
w…îtw…õ,1
dunon,1
awarefo,1
agyanom,1
ebifii,1
amfi,1
sinai,1
natiefo,1
w…îb…õte,1
ab…õn,1
tet…õ,1
homedi,1
nketenkete,1
y…õbom,1
mampene,1
medi,1
verilettu,1
finlandfo…î,1
pancake,1
…õber…õ,1
y…õb…õhunuu,1
b…õdan,1
nky…õmu,1
esuade,1
mabo,1
titi,1
paae,1
sena,1
ode,1
ntasuo,1
yoe…õ,1
y…õkura,1
w…îtwer…õ…õ,1
ak…îsua,1
aman…îne,1
qixiang,1
taiwan,1
monna,1
nsu,1
kenso,1
nsuom,1
w…îaho,1
common,1
future,1
an,1
agenda,1
for,1
disarmament,1
w…îy…õe,1
intan…õt,1
www,1
slash,1
tw,1
as…îfo…î,1
july,1
s…õee,1
nhomahodo…î,1
d…î…î,1
k…îbisa,1
wob…õhu,1
hwehw…õmu,1
nimdie,1
ntwam,1
wakyer…õ,1
apollos,1
…õhyira,1
w…îbotoy…õ,1
…îbaatankoro,1
…înte,1
willie,1
sisii…õ,1
w…înte,1
memfa,1
berenyinaa,1
akwampaedwuma,1
aben,1
mab…õy…õ,1
samuel,1
tamadan,1
aduo,1
kwaya,1
osu,1
…îsr…õ…õ,1
mmarasudie,1
…înyon,1
dumnw…îtwe,1
y…õanhw…õ,1
agyapade…õ,1
dunkr…în,1
wogyina,1
esubo,1
s…îre,1
odwen,1
martin,1
waree…õ,1
nazifo,1
wosuro,1
b…õtan,1
sr…õ,1
woanya,1
exodus,1
k…îpem,1
mpanyinfo…î,1
biibi,1
dennen,1
mehw…õ,1
adeky…õde,1
y…õnhu,1
aniso,1
rafael,1
lalani,1
south,1
africa,1
y…õntum,1
y…õab…õm,1
wob…õka,1
mf…õfo…î,1
boaset…î,1
moay…õ,1
adim,1
aboro,1
…õkyire,1
…îham,1
nte,1
nsennenn,1
w…îhyiaae…õ,1
arthur,1
willis,1
bill,1
newlands,1
baarima,1
n'ebinom,1
…înyinii…õ,1
okyi,1
owofo…î,1
kae…õ,1
edom,1
babilon,1
wob…õhw…õ,1
nnamso,1
nnkyer…õ,1
w…îrehy…õ,1
w…înni,1
sija,1
…õntene,1
akron,1
…îb…õsom,1
homeda,1
israelfo,1
tirinwi,1
w…îakanyi,1
b…õhyira,1
y…õb…õsusu,1
y…õahw…õ,1
b…õsiesie,1
galatifo…î,1
twetiatwa,1
w…îb…õn,1
w…îkyer…õkyer…õ,1
y…õnsa,1
yade…õ,1
b…õt…õ,1
amampanyin,1
y…õas…î,1
yuda,1
asinfua,1
…îsesaa,1
as…õmisa,1
twae,1
w…îasafo,1
kyekyere,1
asene,1
…õb…õka,1
y…õtoa,1
kum,1
w…îbu,1
kumf…î,1
ketewa,1
sh…õma,1
ak…întuo,1
y…õnhyiam,1
mm…îde…õ,1
ans…õ,1
nyamessum,1
tamfo,1
niso…î,1
ntia,1
adaka,1
as…õmas…õm,1
tetee,1
…îdwene,1
bogu,1
ntr…õm,1
email,1
y…õnni,1
otie,1
nawofo,1
…îrebu,1
efesofo,1
oyi,1
magye,1
w…îada,1
nkwagye…õ,1
monnim,1
nnuma,1
mika,1
anante,1
y…õrep…õ,1
nkronnkron,1
asra,1
metee,1
t…õs…õ,1
…îdwadeni,1
abohene,1
y…õmmer…õ,1
y…õnsakrae,1
mow…î,1
nnwan,1
agyapayin,1
…îbooboo,1
mapo,1
abusuafo…î,1
w…îdaso,1
nnyi,1
mako,1
nhye,1
n'as…õde…õ,1
adagye,1
…îhw,1
yk…î,1
…îkase,1
kuma,1
honkwan,1
hyiraa,1
m'anom,1
…õnsan,1
y…õpre,1
y…õadikan,1
wob…õfa,1
woanyank…îso…î,1
y…õhwehw…õ,1
wohy…õ,1
ber…õnyina,1
d…îfo,1
awu,1
mpanyinfo,1
rekyekye,1
w…îreboa,1
wabr…õ,1
…îtena,1
wany…õ,1
dae,1
h…õn,1
mfee,1
dwendwene,1
y…õnipa,1
y…õnnka,1
…îkyi,1
syeafo,1
ewo,1
malawi,1
ntroto,1
madwuma,1
metreaase,1
akanyan,1
kyer,1
monnyaye,1
modwene,1
mobdi,1
ireland,1
britain,1
united,1
states,1
atwer…õ,1
nkratatwer…õ,1
akyere,1
b…õnya,1
nasrafo…î,1
tiee,1
y…õgyina,1
nsakyerae,1
sekan,1
m'adesr…õ,1
fiasie,1
irkutsk,1
russia,1
afie,1
eduanonnkron,1
wura,1
anania,1
w'adwene,1
ni…õ,1
atet…õ,1
mmerante…õ,1
s…õde…õ,1
tenten,1
w…îdie,1
nnyinaso…î,1
kodi,1
waduane,1
komapa,1
nene,1
y…õb…õhwe,1
n'at…õntrenee,1
…îmmo,1
m'ayam,1
nadeshda,1
sofia,1
ay…înkofam,1
edih…î,1
…õbetumi,1
ehwi,1
obuo,1
mpanyimfo,1
mny…õ,1
ahy…õde…õ,1
mp…õ,1
y…õtie,1
elifas,1
…îkeka,1
tot…îtot…î,1
nak…înn…î,1
retwam,1
…õgu,1
kach…õ,1
ontie,1
amanaman,1
ns…õmmisa,1
b…õsua,1
adu…îkron,1
keka,1
ntoboase…õ,1
tw…õn,1
wob…õdu,1
botae…õ,1
nwomawa,1
krado,1
…îb…õboa,1
fr…õfr…õ,1
onni,1
…îboafo…î,1
…îfata,1
komm,1
delila,1
…îdi,1
filistini,1
w…îb…õnya,1
aw…îfo…î,1
ahw…õ,1
wasra,1
atwer…õs…õm,1
w…îsra,1
w…înnom,1
twer…õe,1
atirim,1
atuatew,1
…õntumi,1
mepawky…õw,1
mesr…õ,1
at…õmmufo,1
dununson,1
dununw…îtwe,1
b…õp…õ,1
woeyi,1
wakwan,1
fekub…î,1
american,1
mum,1
kasamu,1
atwer…õfo…î,1
any…õntumi,1
ansee,1
hwe,1
nnyama,1
yee,1
oreye,1
y…õyere,1
…îkyekye,1
ankorankora,1
…îdwomtofo…î,1
atemmuo,1
m'ade…õ,1
asomp…îfo…î,1
wowatwen,1
odiyifo,1
yedie,1
behyira,1
y…õawie,1
as…õmhua,1
aw…î,1
okunu,1
nwankwan,1
nkr…îfo…î,1
amansan,1
shallum,1
w…îboaa,1
…îmiaa,1
abanm…î,1
usia,1
games,1
nakwan,1
d…õdamu,1
akwantuofo…î,1
faso,1
akyirikyiri,1
w…îbra,1
leviticus,1
wodwen,1
y…õk…î…î,1
…õnanso,1
lasaro,1
m…õbae…õ,1
adan,1
…õrek…îsoro,1
k…îeakyiri,1
w…îgu,1
wanim,1
mp…îtam,1
wasi,1
sugia,1
aguo,1
asuo,1
toto…î,1
…îsr…õni,1
…îhyiraa,1
ahot…îs…î…î,1
wob…õtie,1
w…îduu,1
w…înnye,1
w…îbisae,1
mihunu,1
y…õwaree,1
ahennywa,1
ontumi,1
dan,1
…õb…õha,1
ahyehy…õde…õ,1
nky…õky…õm,1
yebedi,1
y…õb…õda,1
y…õb…õgye,1
ahoadwenne,1
memfata,1
wofr…õ,1
luke,1
dunu,1
wohia,1
b…õfa,1
w…îadwimi,1
s…õ…õ,1
akomato,1
wob…õbua,1
y…õasub…î,1
…õnam,1
onyaa,1
akoko…îduro,1
nsumo,1
nagya,1
oh,1
eddie,1
w…îpaw,1
nananmu,1
nnipakuo,1
dwirii,1
mehw…õ…õ,1
manim,1
meyere,1
tee,1
…îank…î,1
…õmmu,1
meb…õtena,1
danseni,1
children,1
rutherford,1
y…õnyaa,1
n'asomfo…î,1
kyer…õw,1
mabusua,1
nt…îatoaso…î,1
tutu,1
nas…õm,1
wiara,1
daae,1
ans…îre,1
nnomaa,1
gu…î,1
…îbotan,1
…õfifii,1
…õwue,1
s…õnsu,1
…õte…õ,1
w…înya,1
nron,1
…îbea,1
kwasea,1
n'atie,1
afutu,1
ntadehy…õ,1
ahoosiesie,1
…îb…õbom,1
papaapa,1
…întwe,1
n'as…îmfo,1
tenenee,1
…îbaapa,1
…îboaa,1
ahw…õso…î,1
yetumi,1
teokrasi,1
skuul,1
adidi,1
woasua,1
mebusem,1
f…õm,1
…îkye,1
…îfi,1
w…îapue,1
s…îre…õ,1
…õchiade…õ,1
ad…õntia,1
…îdwenywen,1
nkyia,1
w…îa,1
m…õware,1
enso,1
rosa,1
amfa,1
ansi,1
atena,1
ator…îsom,1
corintofo…î,1
yn,1
adwenem,1
ay,1
w…înnu,1
mminsa,1
abom,1
fap…în,1
abiesa,1
w…îak…î,1
ahokyer…õ,1
y…õfi,1
dwenne,1
w…îboa,1
nkyene,1
nnfa,1
nnkame,1
onyansafufo,1
…îb…õk…î,1
…îb…õtu,1
y…õadi,1
b…õy…õ…õ,1
ebubuu,1
wahab,1
akora,1
y…õnnya,1
abusuafo,1
nyae,1
asuafo…î,1
ayere,1
abot…îy…õ,1
amaba,1
worekyer…õkyer…õ,1
w'atiefo…î,1
wohwehw…õ,1
akasafo…î,1
b…õtintim,1
eighteen,1
concord,1
street,1
brooklyn,1
mentw…õn,1
ank…înamy…õ,1
…îbaabunu,1
kirsten,1
y…õb…õbata,1
y…õabu,1
animtiaa,1
amm…î,1
y…õntena,1
mframa,1
…õp…õ,1
y…õhyia,1
ohaw,1
asietim,1
beberee,1
y…õy…õ…õ,1
toru,1
awotwa,1
…îdwen,1
m…õfa,1
m…îtoh…î,1
abaayewa,1
y…õresusu,1
etumi,1
watchtower,1
w…îase,1
suahodo…î,1
nt…õ,1
w…îtu,1
w…înom,1
cigarette,1
kakas…õ,1
fe,1
…îy…õe,1
…înokwafo…î,1
atorodi,1
mak…îy…õ,1
w…înfa,1
helani,1
p…ît…îfo…î,1
anyansafo…î,1
mframan,1
mframanfo…î,1
egyptfo…î,1
mahw…õ,1
…îyerenom,1
…õs…î,1
amfaso…î,1
woahu,1
nsaano,1
ak…õse,1
nketewa,1
odie,1
atoro,1
…õtra,1
nt…în,1
t…õkr…õma,1
anisoadehu,1
nyade…õ,1
wob…õhunu,1
adwendwen,1
atos…õm,1
abas…õm,1
nampo,1
…înk…î,1
nwyan,1
…îbuee,1
nano,1
dwennwen,1
memp…õ,1
t…õm,1
m…õ,1
m'hw…õ,1
d…îm,1
wakye,1
nufo…î,1
ntw…õn,1
mmer…õsantisanti,1
nsonsonoe…õ,1
jonathan,1
nasetena,1
nkuranya,1
y…õakyekye,1
nnuad…î,1
…õnne…õma,1
ayi,1
d…î…îso,1
y…õmobufuo,1
y…õkwati,1
y…õb…õn,1
wayeforohyia,1
charlie,1
…îfiri,1
islands,1
ob…õnya,1
ahobamm…î,1
w…înhu,1
…îso,1
w…îfiasie,1
amammuifo…î,1
opianin,1
d…õt…õm,1
biafra,1
asraafofo,1
w…îw…õn,1
y…õawur…õmu,1
station,1
ernest,1
lowe,1
w…îsuro,1
mm…îb…î,1
b…õhy…õ,1
dae…õ,1
yonatan,1
ak…îsiesie,1
weyi,1
…îtwer…õ…õ,1
momm…î,1
mibue,1
mano,1
nokoredie,1
k…îsiesie,1
waky…õde…õ,1
torodoo,1
mosua,1
pen,1
kr…înkr…în,1
ahooden,1
y…õb…õtwe,1
sei,1
fekub…îne,1
korinto,1
namo,1
…õnka,1
p…õn,1
ntie,1
…înhw…õ,1
edan,1
hw…õso…î,1
w…îb…î…î,1
owia,1
woank…îy…õ,1
awiee,1
ns…õnkyer…õnne,1
ahenenom,1
k…îboaboa,1
adia,1
m…õb…î,1
af…îde…õ,1
safoa,1
mmras…õm,1
efiris…õ,1
woma,1
enya,1
dunn√£,1
afidie,1
tintim,1
y…õk…îfaa,1
ahy…õn,1
mekae,1
gloria,1
wiee…õ,1
wahyehy…õ,1
…îhonam,1
dunnkron,1
enum,1
…õb…õdie,1
…îsoro,1
monk…înk…îy…õ,1
m'asuafo…î,1
monm…î,1
b…õfi,1
…îbom,1
mene,1
wofi,1
amammer…õ,1
wob…õsua,1
tene,1
nkakrankakra,1
sesa,1
wofa,1
nesa,1
baal,1
aduanna,1
bituel,1
ababaa,1
w…îaba,1
…îreb…õma,1
as…õmpatr…õfo,1
baadan,1
amradobun,1
nas…õde…õ,1
…îb…õhw…õ,1
makatua,1
b…õhohoro,1
w…îate,1
w…îayi,1
mfitiase…õ,1
w…îb…õgye,1
…îtoa,1
b…õhyehye,1
mefiri,1
dansefo…î,1
siesie,1
penee,1
eye,1
wodaso,1
wonny…õ,1
wob…õto,1
atie,1
ofim,1
mmanaresus…õm,1
w…îadi,1
ahy…õhy…õ,1
…înhu,1
inti,1
…îrenwu,1
awhy…õ,1
february,1
d…õ…õ,1
wanya,1
y…õb…õb…õn,1
mempa,1
…înkae,1
questions,1
young,1
people,1
ask,1
answers,1
that,1
work,1
moadamhu,1
mesuaf…î,1
kyer…õka,1
b…õkyer…õkyer…õ,1
martha,1
k…îsraa,1
ahobras…õm,1
nadamfo,1
b…îe…õ,1
…îb…îfo…î,1
ay…õmy…õne,1
aho…îy…õ,1
y…õtu,1
ab…înefo,1
w…îb…õma,1
w…îb…õb…î,1
b…õwieei,1
tiefo,1
agyedie,1
b…înefaky…õ,1
p…õy…õ,1
ky…õe,1
asohw…õ,1
be,1
sore,1
y…õsesa,1
y…õfaso,1
redi,1
k…îdi,1
n'ntam,1
ans…õe,1
w…îboaboaa,1
barle,1
mpanoo,1
…õkaa,1
w…îama,1
w…îb…õhira,1
w…îasakra,1
y…õnsi,1
y…õb…õyere,1
w…îfa,1
w…îbeyi,1
ahonu,1
wok…î,1
botantim,1
asuasia,1
bataa,1
naomi,1
dunnkr…în,1
wob…õdi,1
afr…õ,1
n'asetena,1
tiawa,1
from,1
b…õny…õ,1
mmuemu,1
aserfo…î,1
…îkari,1
nney…õe…õ,1
nade,1
baae…õ,1
b…îoae,1
w…îhyehy…õ…õ,1
nnuane,1
nnak…õmu,1
k…îkyeky…õ,1
w…îh…î,1
manasseh,1
k…îtoo,1
…îdwennwen,1
twer…õ,1
aw…îtwe,1
march,1
jesus,1
christ,1
seventyfive,1
b,1
c,1
d,1
thirtyfive,1
onokwafo…î,1
p…õs…õmenkominya,1
…îtwaa,1
namfo,1
kanka,1
hann,1
adekye…õ,1
ap…întuo,1
yigyeyigye,1
nsanom,1
mik…îsuaa,1
titriw,1
…õdidi,1
so…î,1
neko,1
ntwaa,1
ohia,1
atoyer…õnky…õm,1
k…îboa,1
k…îy…õ…õ,1
baanu,1
adesr…õ,1
…îb…õtie,1
ak…îto,1
n'agya,1
faky…õ,1
dunnson,1
ahw…õfo…î,1
b…õsisi,1
atn,1
atmmuo,1
ahy,1
…îba,1
adisua,1
boguo,1
mmerante,1
y…õhia,1
k√£a,1
mmaabun,1
piae,1
w…îrek…î,1
ayefor…îkunu,1
w…îannya,1
w…îtena,1
ab…îde…õ,1
sarah,1
…î…î,1
…õb…õse,1
ntu,1
bua,1
agu,1
hom,1
m…õt…î,1
mi…õnu,1
akyidifo,1
akomat…îyam,1
…õkyekye,1
manhu,1
manfa,1
mm…î,1
…õns…õe,1
nhaw,1
ns…õsa,1
met…î,1
wofii,1
…îp…în,1
wok…îb…î…î,1
y…õrey…õ,1
y…õasiesie,1
…înhy…õ,1
nahofadie,1
miles,1
…îs…îretia,1
…õntye,1
ab…õwiee…õ,1
behunu,1
w…îdwennwen,1
at…õmmufo…î,1
mm…îbor…îhunfo…î,1
b…õtw…õn,1
k…îdu,1
harry,1
arnott,1
w…îkraman,1
wotee,1
wob…õgye,1
hawa,1
asefo…î,1
k…îka,1
enye,1
mmesa,1
okwan,1
ben,1
ak…îso,1
nte…õso,1
nyansakyere,1
b…õtete,1
efesofo…î,1
ezra,1
hoyee,1
yeb…õhw…õ,1
bildad,1
pr…õ,1
mob…õhunu,1
monfr…õ,1
…îb…õn,1
…îb…înefo…î,1
y…õaruh…î,1
dummiensa,1
w…îtwer…õ,1
ankae,1
mfonyin,1
nokwaredie,1
dommum,1
woanu,1
woay…õ,1
wabrab…î,1
wob…õsom,1
…õb…õsan,1
…õtoo,1
sisi,1
nnaay,1
anokwafo…î,1
t,1
heldai,1
tobia,1
…õwura,1
w…îba,1
aruba,1
w…îmu,1
fiefie,1
badwam,1
b…în…î,1
nnante,1
k…însrahw…õ,1
b…õhu,1
weinom,1
b…õtwa,1
yudaf…î…î,1
ako,1
ku,1
wub…î,1
…îgyidie,1
b…õbam,1
hyiaae,1
ur,1
…õnkye,1
w…îs…õe,1
…înka,1
ns…õns…õn,1
as…õmka,1
nhy…õase…õ,1
nsua,1
w…îadikan,1
anwo,1
…õsu,1
…îguu,1
ahom,1
yiraa,1
nkenkan,1
onihahfo…î,1
y…õk…îso,1
egypt,1
woo,1
ab…înefo…î,1
akapae,1
nyae…õ,1
salvador,1
mpanin,1
tr…õ,1
romaf…î,1
nney…õ…õ,1
bangui,1
central,1
african,1
republic,1
ahinkuro,1
leila,1
nathan,1
knorr,1
kankonim,1
us,1
as…õnnibie,1
k…îni,1
…õb…î…î,1
…õwuram,1
nhwiren,1
…õtene,1
adane,1
isaiah,1
marian,1
heinz,1
whidholms,1
mm…îfra,1
nsakra,1
anwummere,1
iud,1
…õdura,1
b…õpraa,1
k…îe,1
mmarans…õm,1
w'asomdwoe,1
asub…înten,1
as…îretia,1
yesaya,1
b…îfo…î,1
ahohora,1
…îdom,1
ohiani,1
akyeky…õ,1
w…înnwene,1
nnansa,1
nanigye,1
mfifiri,1
sum,1
w…îkum,1
ab…õwiee,1
as…õh…î,1
mmi…õsa,1
w…îtumi,1
arew,1
…îrekyer…õ,1
wontumi,1
b…õkahu,1
w…îhunu,1
w…îafom,1
y…õafam,1
ntentenso,1
nk…îso…î,1
abona,1
afra,1
nnyua,1
afesuo,1
abakan,1
gyata,1
y…õbisa,1
…õb…õdi,1
w…îaka,1
ak…îkwa,1
k…îgye,1
ahy…õase,1
asemasi,1
asawa,1
futuru,1
siriki,1
asikafo…î,1
ntama,1
monkae,1
nkomhy…õ,1
p…înk…î,1
tuntum,1
aane,1
nanob…î,1
winnipeg,1
canada,1
twim,1
…õgye,1
nasuafo…î,1
tan,1
kaky…õre,1
p…õ…õ,1
onyame,1
y…õreb…õsua,1
y…õbesua,1
november,1
bor…îfo,1
nsemmisa,1
kayer…õkan,1
k…îma,1
atirimp…î,1
…îpaw,1
p…õs…õmenkomenya,1
y…õnso,1
saara,1
kunupa,1
…îyerepa,1
…întumi,1
nk…înya,1
y…õnsuasua,1
rebeka,1
mek…î…îy…õ,1
yuodia,1
…îhokafo,1
…õb…õtete,1
hebri,1
fo…î,1
mofam,1
…îsuaa,1
efise,1
…îmansin,1
yenni,1
mpampuru,1
pae,1
paee,1
…însa,1
akyinnye,1
…õhy…õ…õ,1
w…îasitim,1
…îkyer…õkyer…õfo,1
susuu,1
ahwehw…õde…õ,1
y…õasusu,1
wohu,1
…îsaa,1
akannifo…î,1
mmofrase,1
hena,1
tieei,1
…õk…î…î,1
nahotefo…î,1
n'ahennwa,1
ohusiee,1
owus…îre…õ,1
w…îannyane,1
adamoam,1
goliat,1
nkrante,1
twaneti,1
nasrafo,1
wobose,1
obetumi,1
phone,1
rek…îda,1
memma,1
…õnu,1
akwanhyia,1
caribbean,1
sup…î,1
kra,1
job,1
ad…îfo…î,1
…õdenidansoa,1
…îb…õte,1
paanoo,1
onom,1
bobesa,1
gyai,1
ankaedi…õ,1
afahy…õ,1
nk…îm,1
asraafod…îm,1
b…õtoa,1
b…õsen,1
y…õb…õdi,1
y…õb…õdwene,1
kannifo…î,1
apaw,1
awareye,1
y…õb…îmu,1
akwampae…õ,1
w…îkyer…õw,1
moankasa,1
moanim,1
okromfo,1
gyae,1
y…õdikan,1
nsusui,1
y…õdii,1
adikyere,1
anisoadi,1
hene,1
kores,1
w…îaboto,1
adu…îson,1
yadwene,1
atwer…î,1
sanee,1
atoa,1
nabal,1
y…õrekyer…õ,1
nny…õma,1
aheneasa,1
mibisaa,1
meny…õ,1
akata,1
ntebea,1
y…õk…îhwehw…õ,1
gyidifo…î,1
ahokyere,1
enkyer…õ,1
wankasa,1
w…îfi,1
mmea,1
asia,1
nkatie,1
y…õnkae,1
nyia,1
…îware,1
kata,1
nnhu,1
ahwere,1
ad…îfo,1
…îdaso…î,1
hwa,1
…õmr…õ,1
mra,1
rebisa,1
w…îaky…õw,1
fr…õ…õ,1
amann…îne,1
…îteno,1
nsiansia,1
ntwer…õe…õ,1
aky…õde,1
akumat…îyam,1
y…õwer…õ,1
awerekyekyer…õ,1
…îretwe,1
nia,1
…îhwehw…õ,1
komam,1
daso…î,1
akwanside…õ,1
tenatena,1
w…îabob…î,1
sany…õ,1
guano,1
sakura,1
…îbra,1
rekasa,1
hesekiel,1
w…îkyer…õ,1
ahofadie,1
w…îk√£,1
nhia,1
jim,1
carr,1
dantaban,1
mfo,1
seisei,1
mman,1
sinesusu,1
asiesie,1
akanyinsia,1
w…îb…õtw…õn,1
w…îb…õtw…õntw…õn,1
ky…õn,1
…õh…î,1
dinn,1
k…îsaa,1
…îgyae,1
…õfiris…õ,1
…õnkyer…õ,1
ahobrase…õ,1
mey…õ…õ,1
m'ho,1
m'hun,1
many…õ,1
siesiee,1
ngyekyer…õmu,1
w…înfie,1
aho…îf…õ,1
b…õhw…õ,1
nipadua,1
mony…õ,1
dummi…õnsa,1
dumnnum,1
toom,1
yenim,1
setie,1
n'akokodru,1
nuyam,1
mtim,1
suisuia,1
k…îtena,1
ntamadan,1
canaan,1
mprempren,1
b…îmu,1
tim…îden,1
wosi,1
wob…õhyira,1
ntafo…î,1
w…îs…õ,1
ntetee…õ,1
w…înyae…õ,1
y…õab…î,1
onmua,1
…õtwaam,1
akade,1
w…îamma,1
rehoboam,1
afutupa,1
w…îtuu,1
mehy…õ…õ,1
ak…îmisa,1
mey…õ,1
okwampae…õfo…î,1
aduasia,1
w…îma,1
yudafo,1
antiokia,1
anni,1
waba,1
worekyer…õ,1
wasua,1
amanne…õ,1
kyer…õkyer…õe,1
nabrab…î,1
amane,1
nnyae,1
m…î,1
amansini,1
nigeria,1
w…îkoo,1
nn…õpa,1
monsakra,1
kyer…õs…õm,1
w…îkeka,1
dwane,1
nhyia,1
esi,1
w…înnim,1
w…îhyiae,1
y…õnhwehw…õmu,1
rentumi,1
nware,1
nnwo,1
mmananom,1
yefta,1
afas…î,1
timadi,1
ahohiahia,1
y…õhunus…õ,1
yawdie,1
george,1
hui,1
mob…õtumi,1
b…îs,1
china,1
osii,1
…îk…îhwe,1
obehunu,1
ab…înten,1
k…îb…î…î,1
an…îpatutututu,1
mihu,1
menka,1
m'abusua,1
w…îhunuu,1
akyer…õkyer…õ,1
maboa,1
atye,1
m…õka,1
orgtw,1
akenkan,1
wap…õde…õ,1
w…îtete,1
wofiri,1
wogye,1
tirimp…în,1
…õni,1
b…õfire,1
w…îap…în,1
kristen,1
filipifo…î,1
aduasua,1
w…îsan,1
…îtwa,1
k…õn,1
s…õnkyer…õnne,1
mp…îko,1
y…õnsuro,1
tinka,1
ntwa,1
dunaan,1
beresm,1
nkyekym,1
dumeinsan,1
dums…în,1
rek…îk…î,1
p…î…îlo,1
twer…õ…õ,1
romanfo…î,1
kyea,1
w…îfiee,1
ahusi…õ,1
w…îsu,1
w…îatete,1
agyae,1
osua,1
woyare,1
wanhw…õ,1
nhw…õ,1
as…îrefie,1
y…õfef…õ,1
y…õk…îgyina,1
af√£,1
masua,1
meb…î…î,1
abosome,1
hebrifo…î,1
wayi,1
kyir…õkyir…õ,1
afiease,1
buburoo,1
w…îsr…õ…õ,1
w…înyi,1
ntoboa,1
y…õnte,1
y…õyam,1
epitome,1
military,1
science,1
vegetius,1
september,1
w…îkyere,1
as…îre,1
mf…õfo,1
mpamfo,1
boaboa,1
ahurusi,1
mahu,1
drakma,1
…întene,1
moda,1
m…õtumi,1
nkwagyeda,1
ethiopia,1
ahenfie,1
panyin,1
…îhunue…õ,1
mogya,1
asofo,1
nkitaho,1
social,1
media,1
monnyae,1
mobu,1
at…õn,1
y…õb…õ,1
aduasabaako,1
nwom,1
aduasanan,1
aduonumbaako,1
r…õpa,1
b…õh…î,1
afasuo,1
…îtamfo…î,1
y…õsom,1
animns…õm,1
adanse…õ,1
…îw…õnaban,1
june,1
bor…îfodi,1
akwantufo…î,1
kanaan,1
ayaresa,1
…înyiniy…õ,1
…îfiee,1
romani,1
mpim,1
nnyumekuo,1
ak…õse…õ,1
awuo,1
dawuru,1
honi,1
kanefo…î,1
amany…îfo…î,1
wagyidi,1
agokansie,1
nhy…õ,1
w…înye,1
y…õb…õp…õns…õp…õns…õ,1
ns…õmbisa,1
kratafa,1
tuo,1
mmu…îne,1
…îtwe,1
nsensan,1
monya,1
moasan,1
ab…õhyia,1
ammasan,1
ahosodie,1
nkutoo,1
anye,1
nidaso…î,1
woawofo,1
woad…î,1
mbra,1
…õmfomso…î,1
ak…îdi,1
akotene,1
at…õm,1
nasuafo,1
sesaa,1
hwehw…õ…õ,1
nasrifo…î,1
y…õsusua,1
adekyee…õ,1
eb…õtumi,1
birimbirim,1
adwenywen,1
b…õt…î,1
awerehymu,1
bn,1
yudefo…î,1
…îreka,1
onuabaa,1
afifide…õ,1
kway…õ,1
yayaayaw,1
nwonwa,1
safin,1
w…îagu,1
tumidie,1
w…îas…îre,1
atia,1
nn…î,1
…õsene,1
mankasa,1
mek…î,1
toronto,1
akwammisa,1
k…îy…õ,1
sane,1
y…õb…õhunu,1
nfii,1
barima,1
john,1
worefam,1
w…îgye,1
n'ankasa,1
fiefo,1
wototo,1
gog,1
as…õh…îas…õm,1
…îmantamu,1
adwo,1
monfa,1
k…înnua,1
nto,1
monsua,1
dwo,1
b…õte,1
kas…õ,1
aduosia,1
soso,1
…õsom,1
aduru,1
w…îabemubui…õ,1
akoko…îduo,1
nabamu,1
ntem,1
dedaw,1
botan,1
dwank…îbea,1
wugye,1
mmer…õy…õ,1
woanfa,1
nsusuoy…õ,1
anadaa,1
megye,1
…õkae,1
menk…î,1
ntraso,1
…õnno,1
mienu,1
wadwene,1
hony…õni,1
wadwen,1
asiesiede…õ,1
adiesu…õ,1
w…îanante,1
r…õ,1
…õnfida,1
moawu,1
…õnna,1
mbuo,1
nyan,1
nn…înhwerew,1
…îpepem,1
ahenky…õn,1
amaneb…î,1
y…õadwen,1
'mey…õ,1
abofra,1
…õsi,1
mani,1
nkyekyemu,1
ntaa,1
…îmuae,1
apono,1
…îk…îm,1
b…õkum,1
h…îfo…î,1
w…îasane,1
nyamesuro,1
ahopopo…î,1
…îwos…î,1
abarimaa,1
serew,1
…îhohoo,1
wunim,1
wosisi,1
wosisaa,1
w'abrab…î,1
wos…î,1
hyiaae…õ,1
nnyam,1
as…õmti,1
…õb…õyi,1
m…õne,1
anidaso,1
y…õnky…õ,1
anwanwadie,1
…õye,1
y…õb…õkyer…õ,1
suahu,1
winston,1
…õy…õ…õ,1
wohuu,1
w…îtetee,1
ob…õhw…õ,1
…õhaw,1
t…õse,1
nni…õma,1
kamee,1
ne…õ,1
woto,1
boase,1
onipakumfo…î,1
wanhy…õda,1
akoma,1
nsohwe…õ,1
aduannan,1
jeanmarie,1
bockaert,1
animasem,1
afotuo,1
s…õnhw…õso,1
d…õ…õdi,1
mpata,1
…îs…îfopanyin,1
homedikan,1
mmrante,1
nasofoa,1
mpaepaemu,1
w…îkae,1
ahanu,1
amanman,1
nyi,1
gyiae…õ,1
janyuari,1
armageddon,1
b…õnyane,1
nshiamu,1
tiewa,1
d√£,1
…îb…õkae,1
egyina,1
ahobrase,1
…õsen,1
dwen,1
y…õresusuw,1
wonim,1
w…îda,1
k…îduba,1
siloam,1
abantenten,1
…õdwuu,1
wuwui…õ,1
…îkyer…õ…õ,1
w…îb…õsisi,1
w…înu,1
habakuk,1
wobisaa,1
ak…îpanyinfo…î,1
adwenkyer…õ,1
y…õntes…õ,1
w…îsi,1
akan,1
mpataeyie,1
k…îdii,1
nhyehy…õ…õ,1
anoanoano,1
…õb…õhia,1
wobr…õ,1
