phoneme,count,share,example_texts
a,34005,0.16943790,"Na w…îtwee ntonto no, ntonto no b…î…î Yona. || Na w…îtwee ntonto no, ntonto no b…î…î Yona. || Me ba, s…õ wakoma hunu nyansa a, me ara nso makoma b…õt…î me yam, na me kra ho b…õs…õp…õ no, s…õ wano reka de…õ …õtene."
n,19952,0.09941553,"Na w…îtwee ntonto no, ntonto no b…î…î Yona. || Na w…îtwee ntonto no, ntonto no b…î…î Yona. || Na w…îtwee ntonto no, ntonto no b…î…î Yona."
eÃò,16685,0.08313693,"Na w…îtwee ntonto no, ntonto no b…î…î Yona. || Na w…îtwee ntonto no, ntonto no b…î…î Yona. || Me ba, s…õ wakoma hunu nyansa a, me ara nso makoma b…õt…î me yam, na me kra ho b…õs…õp…õ no, s…õ wano reka de…õ …õtene."
oÃò,16504,0.08223506,"Na w…îtwee ntonto no, ntonto no b…î…î Yona. || Na w…îtwee ntonto no, ntonto no b…î…î Yona. || Na w…îtwee ntonto no, ntonto no b…î…î Yona."
e,11780,0.05869662,"Me ba, s…õ wakoma hunu nyansa a, me ara nso makoma b…õt…î me yam, na me kra ho b…õs…õp…õ no, s…õ wano reka de…õ …õtene. || Me ba, s…õ wakoma hunu nyansa a, me ara nso makoma b…õt…î me yam, na me kra ho b…õs…õp…õ no, s…õ wano reka de…õ …õtene. || Me ba, s…õ wakoma hunu nyansa a, me ara nso makoma b…õt…î me yam, na me kra ho b…õs…õp…õ no, s…õ wano reka de…õ …õtene."
m,10442,0.05202972,"Me ba, s…õ wakoma hunu nyansa a, me ara nso makoma b…õt…î me yam, na me kra ho b…õs…õp…õ no, s…õ wano reka de…õ …õtene. || Me ba, s…õ wakoma hunu nyansa a, me ara nso makoma b…õt…î me yam, na me kra ho b…õs…õp…õ no, s…õ wano reka de…õ …õtene. || Me ba, s…õ wakoma hunu nyansa a, me ara nso makoma b…õt…î me yam, na me kra ho b…õs…õp…õ no, s…õ wano reka de…õ …õtene."
iÃò,10356,0.05160120,"Na nkur…îfo…î akuakuo no nyinaa ho dwirii w…în, na w…îkaa s…õ: ∆êny…õ Dawid ba no nie? || Na nkur…îfo…î akuakuo no nyinaa ho dwirii w…în, na w…îkaa s…õ: ∆êny…õ Dawid ba no nie? || Na nkur…îfo…î akuakuo no nyinaa ho dwirii w…în, na w…îkaa s…õ: ∆êny…õ Dawid ba no nie?"
o,10271,0.05117767,"Na w…îtwee ntonto no, ntonto no b…î…î Yona. || Na w…îtwee ntonto no, ntonto no b…î…î Yona. || Na w…îtwee ntonto no, ntonto no b…î…î Yona."
s,9057,0.04512863,"Me ba, s…õ wakoma hunu nyansa a, me ara nso makoma b…õt…î me yam, na me kra ho b…õs…õp…õ no, s…õ wano reka de…õ …õtene. || Me ba, s…õ wakoma hunu nyansa a, me ara nso makoma b…õt…î me yam, na me kra ho b…õs…õp…õ no, s…õ wano reka de…õ …õtene. || Me ba, s…õ wakoma hunu nyansa a, me ara nso makoma b…õt…î me yam, na me kra ho b…õs…õp…õ no, s…õ wano reka de…õ …õtene."
w,6766,0.03371318,"Na w…îtwee ntonto no, ntonto no b…î…î Yona. || Na w…îtwee ntonto no, ntonto no b…î…î Yona. || Me ba, s…õ wakoma hunu nyansa a, me ara nso makoma b…õt…î me yam, na me kra ho b…õs…õp…õ no, s…õ wano reka de…õ …õtene."
uÃò,6715,0.03345906,"Me ba, s…õ wakoma hunu nyansa a, me ara nso makoma b…õt…î me yam, na me kra ho b…õs…õp…õ no, s…õ wano reka de…õ …õtene. || Me ba, s…õ wakoma hunu nyansa a, me ara nso makoma b…õt…î me yam, na me kra ho b…õs…õp…õ no, s…õ wano reka de…õ …õtene. || Na nkur…îfo…î akuakuo no nyinaa ho dwirii w…în, na w…îkaa s…õ: ∆êny…õ Dawid ba no nie?"
r,6453,0.03215359,"Me ba, s…õ wakoma hunu nyansa a, me ara nso makoma b…õt…î me yam, na me kra ho b…õs…õp…õ no, s…õ wano reka de…õ …õtene. || Me ba, s…õ wakoma hunu nyansa a, me ara nso makoma b…õt…î me yam, na me kra ho b…õs…õp…õ no, s…õ wano reka de…õ …õtene. || Me ba, s…õ wakoma hunu nyansa a, me ara nso makoma b…õt…î me yam, na me kra ho b…õs…õp…õ no, s…õ wano reka de…õ …õtene."
d,5791,0.02885502,"Me ba, s…õ wakoma hunu nyansa a, me ara nso makoma b…õt…î me yam, na me kra ho b…õs…õp…õ no, s…õ wano reka de…õ …õtene. || Na nkur…îfo…î akuakuo no nyinaa ho dwirii w…în, na w…îkaa s…õ: ∆êny…õ Dawid ba no nie? || Na nkur…îfo…î akuakuo no nyinaa ho dwirii w…în, na w…îkaa s…õ: ∆êny…õ Dawid ba no nie?"
b,4783,0.02383242,"Na w…îtwee ntonto no, ntonto no b…î…î Yona. || Me ba, s…õ wakoma hunu nyansa a, me ara nso makoma b…õt…î me yam, na me kra ho b…õs…õp…õ no, s…õ wano reka de…õ …õtene. || Me ba, s…õ wakoma hunu nyansa a, me ara nso makoma b…õt…î me yam, na me kra ho b…õs…õp…õ no, s…õ wano reka de…õ …õtene."
f,3820,0.01903405,"Na nkur…îfo…î akuakuo no nyinaa ho dwirii w…în, na w…îkaa s…õ: ∆êny…õ Dawid ba no nie? || Na w…în a w…îgyina h…î no kaa s…õ: Nyankop…în s…îfo panin na woya no yi? || Na Odiyifo…î Elisa fr…õ…õ adiyifo…î mma no mu baako ka kyer…õ…õ no s…õ: B…î ab…îso…î, na fa ngo toa yi kura wo nsam, na k…î Ramot-g"
j,3114,0.01551624,"Na w…îtwee ntonto no, ntonto no b…î…î Yona. || Me ba, s…õ wakoma hunu nyansa a, me ara nso makoma b…õt…î me yam, na me kra ho b…õs…õp…õ no, s…õ wano reka de…õ …õtene. || Na nk…î …îbaa a ne nsabuo mu ne ho ntee…õ no ho nk…îyi nadagya so."
nÃ©,3091,0.01540163,"Me ba, s…õ wakoma hunu nyansa a, me ara nso makoma b…õt…î me yam, na me kra ho b…õs…õp…õ no, s…õ wano reka de…õ …õtene. || Me ba, s…õ wakoma hunu nyansa a, me ara nso makoma b…õt…î me yam, na me kra ho b…õs…õp…õ no, s…õ wano reka de…õ …õtene. || Na nk…î …îbaa a ne nsabuo mu ne ho ntee…õ no ho nk…îyi nadagya so."
k,3043,0.01516246,"Me ba, s…õ wakoma hunu nyansa a, me ara nso makoma b…õt…î me yam, na me kra ho b…õs…õp…õ no, s…õ wano reka de…õ …õtene. || Me ba, s…õ wakoma hunu nyansa a, me ara nso makoma b…õt…î me yam, na me kra ho b…õs…õp…õ no, s…õ wano reka de…õ …õtene. || Me ba, s…õ wakoma hunu nyansa a, me ara nso makoma b…õt…î me yam, na me kra ho b…õs…õp…õ no, s…õ wano reka de…õ …õtene."
h,2801,0.01395664,"Me ba, s…õ wakoma hunu nyansa a, me ara nso makoma b…õt…î me yam, na me kra ho b…õs…õp…õ no, s…õ wano reka de…õ …õtene. || Me ba, s…õ wakoma hunu nyansa a, me ara nso makoma b…õt…î me yam, na me kra ho b…õs…õp…õ no, s…õ wano reka de…õ …õtene. || Na nkur…îfo…î akuakuo no nyinaa ho dwirii w…în, na w…îkaa s…õ: ∆êny…õ Dawid ba no nie?"
t,2695,0.01342847,"Na w…îtwee ntonto no, ntonto no b…î…î Yona. || Me ba, s…õ wakoma hunu nyansa a, me ara nso makoma b…õt…î me yam, na me kra ho b…õs…õp…õ no, s…õ wano reka de…õ …õtene. || Me ba, s…õ wakoma hunu nyansa a, me ara nso makoma b…õt…î me yam, na me kra ho b…õs…õp…õ no, s…õ wano reka de…õ …õtene."
mÃ©,2329,0.01160479,"Na Odiyifo…î Elisa fr…õ…õ adiyifo…î mma no mu baako ka kyer…õ…õ no s…õ: B…î ab…îso…î, na fa ngo toa yi kura wo nsam, na k…î Ramot-g || Na …îhunuu w…în no, …îfirii ne ntomadan pono ano tuu mmirika k…îhyiaa w…în, na …îb…î…î ne mu ase kaa s…õ: Me wura, s…õ manya wanim || Na …îdurui…õ no, …îhy…õn totorob…õnto Efraim bep…î so, na Israelfo…î no ne no siane firii bep…î no so, na …îdii w…în anim; na …îka "
≈ãk,1583,0.00788767,"Na nkur…îfo…î akuakuo no nyinaa ho dwirii w…în, na w…îkaa s…õ: ∆êny…õ Dawid ba no nie? || Na nk…î …îbaa a ne nsabuo mu ne ho ntee…õ no ho nk…îyi nadagya so. || Na nk…î …îbaa a ne nsabuo mu ne ho ntee…õ no ho nk…îyi nadagya so."
n ≤,1547,0.00770829,"Me ba, s…õ wakoma hunu nyansa a, me ara nso makoma b…õt…î me yam, na me kra ho b…õs…õp…õ no, s…õ wano reka de…õ …õtene. || Na nkur…îfo…î akuakuo no nyinaa ho dwirii w…în, na w…îkaa s…õ: ∆êny…õ Dawid ba no nie? || Na nkur…îfo…î akuakuo no nyinaa ho dwirii w…în, na w…îkaa s…õ: ∆êny…õ Dawid ba no nie?"
p,1520,0.00757376,"Me ba, s…õ wakoma hunu nyansa a, me ara nso makoma b…õt…î me yam, na me kra ho b…õs…õp…õ no, s…õ wano reka de…õ …õtene. || Na w…în a w…îgyina h…î no kaa s…õ: Nyankop…în s…îfo panin na woya no yi? || Na w…în a w…îgyina h…î no kaa s…õ: Nyankop…în s…îfo panin na woya no yi?"
nt,1070,0.00533153,"Na w…îtwee ntonto no, ntonto no b…î…î Yona. || Na w…îtwee ntonto no, ntonto no b…î…î Yona. || Na w…îtwee ntonto no, ntonto no b…î…î Yona."
k ≤,798,0.00397622,"Na Odiyifo…î Elisa fr…õ…õ adiyifo…î mma no mu baako ka kyer…õ…õ no s…õ: B…î ab…îso…î, na fa ngo toa yi kura wo nsam, na k…î Ramot-g || Na …îdurui…õ no, …îhy…õn totorob…õnto Efraim bep…î so, na Israelfo…î no ne no siane firii bep…î no so, na …îdii w…în anim; na …îka  || Na …îdurui…õ no, …îhy…õn totorob…õnto Efraim bep…î so, na Israelfo…î no ne no siane firii bep…î no so, na …îdii w…în anim; na …îka "
l,775,0.00386162,"Na Odiyifo…î Elisa fr…õ…õ adiyifo…î mma no mu baako ka kyer…õ…õ no s…õ: B…î ab…îso…î, na fa ngo toa yi kura wo nsam, na k…î Ramot-g || Na Odiyifo…î Elisa fr…õ…õ adiyifo…î mma no mu baako ka kyer…õ…õ no s…õ: B…î ab…îso…î, na fa ngo toa yi kura wo nsam, na k…î Ramot-g || Na …îdurui…õ no, …îhy…õn totorob…õnto Efraim bep…î so, na Israelfo…î no ne no siane firii bep…î no so, na …îdii w…în anim; na …îka "
h ≤,631,0.00314411,"Na …îhunuu w…în no, …îfirii ne ntomadan pono ano tuu mmirika k…îhyiaa w…în, na …îb…î…î ne mu ase kaa s…õ: Me wura, s…õ manya wanim || Na …îdurui…õ no, …îhy…õn totorob…õnto Efraim bep…î so, na Israelfo…î no ne no siane firii bep…î no so, na …îdii w…în anim; na …îka  || Na …îdurui…õ no, …îhy…õn totorob…õnto Efraim bep…î so, na Israelfo…î no ne no siane firii bep…î no so, na …îdii w…în anim; na …îka "
g ≤,611,0.00304445,"Na nk…î …îbaa a ne nsabuo mu ne ho ntee…õ no ho nk…îyi nadagya so. || Na w…în a w…îgyina h…î no kaa s…õ: Nyankop…în s…îfo panin na woya no yi? || W…îde nyansa na …õsi dan, na w…îde nhunumu ma no gyina, na w…înam nimde…õ so de ahode…õ abo…îdenne…õ af…õf…õde…õ nyinaa."
h ∑,517,0.00257607,De…õ …õw…î h…î a aniwa hu no y…õ sene de…õ ak…înn…î kyini hwehw…õ. || De…õ …õw…î h…î a aniwa hu no y…õ sene de…õ ak…înn…î kyini hwehw…õ. || a nnwanhw…õfo…î funi mu.
mp,349,0.00173897,"Sebulon tenabea b…õkyer…õ mpoano, na wahw…õ de…õ ahy…õn gyinagyina, na …îne Sidon ab…î hye…õ. || Na w…îhunuu Eleasa mma mu mmarima no mu atitire bebree sene Itamar mma mu, na w…îbuu w…în mu: Eleasa mma nyaa mpanimfie ati || Na w…îhunuu Eleasa mma mu mmarima no mu atitire bebree sene Itamar mma mu, na w…îbuu w…în mu: Eleasa mma nyaa mpanimfie ati"
g,312,0.00155461,"Na Odiyifo…î Elisa fr…õ…õ adiyifo…î mma no mu baako ka kyer…õ…õ no s…õ: B…î ab…îso…î, na fa ngo toa yi kura wo nsam, na k…î Ramot-g || Na Odiyifo…î Elisa fr…õ…õ adiyifo…î mma no mu baako ka kyer…õ…õ no s…õ: B…î ab…îso…î, na fa ngo toa yi kura wo nsam, na k…î Ramot-g || Na afuo mu nnua nyinaa nnya mmaa asase so, na afuo mu nhahan nyinaa nnya mfifirii, …õfiri s…õ na AWURADE Nyankop…în nnya nt"
n ∑,292,0.00145496,"a nnwanhw…õfo…î funi mu. || Na w…îhunuu Eleasa mma mu mmarima no mu atitire bebree sene Itamar mma mu, na w…îbuu w…în mu: Eleasa mma nyaa mpanimfie ati || Ad…õn nti na manwu yafunu mu, na mannyaa mu, awoe…õ?"
k ∑,205,0.00102146,"∆êfiri s…õ AWURADE nim teneneefo…î kwan, na ab…înefo…î kwan de…õ, …õb…õyera. || ∆êfiri s…õ AWURADE nim teneneefo…î kwan, na ab…înefo…î kwan de…õ, …õb…õyera. || Na Honhom no maa no k…î…î as…îrefie h…î; na ab…îfra Yesu awofo…î no de no baa s…õ w…îreb…õy…õ s…õde…õ mmara no te…õ ama no no, …îfaa n"
nd,30,0.00014948,"Afa rehu dendeenden, ogya rehye sumpii; w…îbere ho kwa, …õfiri s…õ w…înyii ab…înefo…î mfirii w…în mu. || Afa rehu dendeenden, ogya rehye sumpii; w…îbere ho kwa, …õfiri s…õ w…înyii ab…înefo…î mfirii w…în mu. || Odiyifo…î no abooboo denden."
